ticker,start_px,end_px,ytd_pct,shares_outstanding,market_cap,weight,spx_point_contrib,group
MSFT,471.8630065917969,397.2300109863281,-15.816665973569922,7432377656.0,2952363457947.42,0.04465619255645927,-48.442203720965004,Hateful Eight
AMZN,226.5,210.11000061035156,-7.236202821036841,10734920870.0,2255514230547.776,0.03411594785934698,-16.93149980518867,Hateful Eight
ORCL,195.19403076171875,148.0800018310547,-24.137023425771698,2874091000.0,425595400542.6178,0.006437374811225911,-10.65662700416857,Hateful Eight
TSLA,438.07000732421875,411.82000732421875,-5.992192928326223,3752431984.0,1545326567134.5127,0.02337395165856303,-9.606057593640866,Hateful Eight
AAPL,270.75665283203125,264.5799865722656,-2.281261123285283,14697926000.0,3888777063720.154,0.058819986034972196,-9.202952349534266,Hateful Eight
AVGO,347.6199951171875,332.6499938964844,-4.306426969385502,4741273799.0,1577184700298.9114,0.023855824215699945,-7.045937224102614,Other
PLTR,167.86000061035156,135.24000549316406,-19.43285773774499,2383436338.0,322335943443.7268,0.00487551623074837,-6.498072234870225,Other
LLY,1078.559814453125,1009.52001953125,-6.401109516293357,943357420.0,952338201063.3496,0.014404662126228755,-6.323908688377535,Other
CRM,253.6199951171875,185.16000366210938,-26.993136492824842,952000000.0,176272323486.32812,0.0026662201087709497,-4.936016550554989,Other
NFLX,90.98999786376953,78.66999816894531,-13.539949427485155,4241889631.0,333709449503.6381,0.005047547040602169,-4.687320762852121,Other
V,345.7669982910156,320.95001220703125,-7.177372683525196,1928039601.0,618804333476.5896,0.009359770862938975,-4.607421783202025,Other
INTU,628.3028564453125,380.54998779296875,-39.43207739879313,278400000.0,105945116601.5625,0.0016024807225683267,-4.333808612188356,Other
UNH,336.3999938964844,290.0,-13.79310188417019,905838620.0,262693199800.0,0.003973385486113867,-3.758805919774553,Other
JPM,324.0184326171875,310.7900085449219,-4.082614672694984,2722262296.0,846051922235.3586,0.012797021129089434,-3.5832287663292863,Other
AMD,223.47000122070312,200.14999389648438,-10.435408420295067,1630410843.0,326326720275.2119,0.004935879021839327,-3.5326549061005985,Other
BX,156.97557067871094,121.2699966430664,-22.7459431306829,1229638709.0,149118282112.6145,0.0022554996410702505,-3.5186329736841047,Other
NOW,147.4499969482422,104.2699966430664,-29.284504034498415,1055142985.0,110019755503.90506,0.0016641119756348282,-3.3423172935764214,Other
BKNG,5323.2001953125,4076.7900390625,-23.414677459389242,32409886.0,132128300411.95117,0.0019985164121547228,-3.209394881982183,Other
MA,562.285400390625,526.4099731445312,-6.380287878926028,892437665.0,469788087265.8182,0.00710581457347339,-3.1094344210040776,Other
IBM,289.8474426269531,257.1600036621094,-11.277463298827161,934735206.0,240376508998.06256,0.003635832723430937,-2.8121764914526715,Other
QCOM,172.97999572753906,142.8800048828125,-17.400850727350626,1068045102.0,152602289388.82397,0.0023081972516492276,-2.7546768415857192,Other
TMO,592.510009765625,510.92999267578125,-13.768546648201575,375708059.0,191960515833.102,0.0029035130262179657,-2.7418212372206856,Other
ADBE,333.29998779296875,258.6099853515625,-22.40924247732058,418600000.0,108254139868.16406,0.001637406025323019,-2.5165804412470956,Other
BSX,94.70999908447266,74.58000183105469,-21.254352706163427,1483019808.0,110603619996.13037,0.0016729432613362912,-2.4386886220843285,Other
SPGI,512.6599731445312,417.4800109863281,-18.565904721289716,302800000.0,126412947326.66016,0.0019120684149686476,-2.4347075461684087,Other
ACN,259.95001220703125,215.35000610351562,-17.157147147196504,620138892.0,133546914177.22742,0.0020199737599263493,-2.376939132988479,Other
CEG,366.25,294.8399963378906,-19.497611921395052,362290080.0,106817605860.4541,0.0016156776235947312,-2.1605453625260806,Other
COF,246.98495483398438,208.4199981689453,-15.614293871042161,635733606.0,132499596998.457,0.002004132486225118,-2.146228875307778,Other
PANW,179.3699951171875,148.6999969482422,-17.09873390413359,808074532.0,120160680442.35223,0.0018174992882751006,-2.131402447335462,Other
KKR,128.66558837890625,101.18000030517578,-21.36203503984949,926020408.0,93694745164.039,0.0014171868203796953,-2.0763328966522323,Other
BAC,55.95000076293945,53.060001373291016,-5.165325022770572,7302495550.0,387470423911.45154,0.005860712648215834,-2.0762294145539095,Other
ISRG,561.97998046875,504.04998779296875,-10.308195076177196,355130237.0,179003391624.7641,0.002707529082551433,-1.9141810648466984,Other
ABT,123.5640869140625,112.20999908447266,-9.188825097284525,1740459014.0,195296904367.5022,0.002953977818564001,-1.8616347278584298,Other
WFC,94.73439025878906,88.69999694824219,-6.369802237669475,3139084542.0,278436789295.6742,0.004211516317247192,-1.8398892996109437,Other
AXP,372.7300109863281,346.17999267578125,-7.123123313920843,686614005.0,237692031221.98883,0.003595228455633493,-1.7564031697086746,Other
UBER,82.86000061035156,73.86000061035156,-10.861694344322325,2077830382.0,153468553282.72702,0.002321299990455559,-1.7292433085066672,Other
DASH,219.7899932861328,176.2899932861328,-19.791619877511746,430998519.0,75980726020.84319,0.0011492521094016253,-1.5599975190253557,Other
CRWD,453.5799865722656,388.6000061035156,-14.326024602586207,252098440.0,97965455322.68677,0.0014817837637824537,-1.4559209031044424,Other
DHR,230.39999389648438,209.5,-9.071178146764392,706900000.0,148095550000.0,0.002240030230611438,-1.3936214827770768,Other
ADP,252.8800048828125,214.47000122070312,-15.189023616125363,404448744.0,86742122619.39185,0.0013120244121774215,-1.3667813057678155,Other
COIN,236.52999877929688,171.35000610351562,-27.556755173621706,269657615.0,46205833976.10947,0.0006988897704022727,-1.320881989350147,Other
APO,146.0135498046875,119.72000122070312,-18.00760862204602,580422573.0,69488191148.08365,0.0010510487914202249,-1.298094103581341,Other
WDAY,205.7899932861328,137.80999755859375,-33.033674107282216,267000000.0,36795269348.14453,0.0005565495768328904,-1.2609213367865175,Other
SCHW,101.22815704345703,94.02999877929688,-7.110826151927274,1815219300.0,170685068563.15613,0.0025817096698412326,-1.2590840411826127,Other
PYPL,58.13999938964844,41.650001525878906,-28.362569722877396,935651953.0,38969905270.14158,0.0005894421938348663,-1.1466055880283414,Other
DIS,111.8499984741211,105.58000183105469,-5.605719024231459,1773386947.0,187234197111.42847,0.0028320247416877857,-1.0888188374724652,Other
ADSK,286.7300109863281,226.97999572753906,-20.838423942179553,213000000.0,48346739089.96582,0.0007312721895628003,-1.0451320921345308,Other
AJG,256.0,216.50999450683594,-15.425783395767212,256976000.0,55637872348.38867,0.0008415547666846899,-0.8903420188681491,Other
MS,180.90274047851562,175.41000366210938,-3.0362927625513625,1589309312.0,278780752238.14453,0.004216718954256499,-0.87810319508727,Other
MCO,498.9800109863281,447.82000732421875,-10.252916456709748,179358642.0,80320388374.10193,0.0012148919943404093,-0.8543038150758553,Other
ROP,434.5400085449219,335.7900085449219,-22.72518020392854,107637431.0,36143573875.24344,0.0005466923085999755,-0.8520744766805788,Other
AXON,563.4500122070312,433.9100036621094,-22.990505943466786,79437268.0,34468625248.787964,0.0005213577488648493,-0.8220753355748387,Other
TTWO,251.60000610351562,199.72000122070312,-20.62003323698949,185175456.0,36983242298.36426,0.0005593927756395353,-0.7911038010665206,Other
IQV,225.3699951171875,165.6199951171875,-26.511958687726512,170300000.0,28205085168.45703,0.0004266181086083549,-0.7757260165513447,Other
NDAQ,96.66000366210938,81.87000274658203,-15.301055612648407,570995433.0,46747397667.9958,0.0007070812322093758,-0.7420240141878293,Other
SNPS,480.4200134277344,439.94000244140625,-8.425962669104582,191318206.0,84168532014.72546,0.0012730973765192248,-0.7357129673124781,Other
EXPE,282.94000244140625,203.47999572753906,-28.083694786255077,122534873.0,24933395434.51454,0.0003771319227694673,-0.7263982624964044,Other
FIS,65.62000274658203,49.130001068115234,-25.12953518479656,522378577.0,25664460045.970516,0.00038818969479699673,-0.6690455933842526,Other
HUM,264.4800109863281,189.8300018310547,-28.22519890137647,120273068.0,22831436718.666565,0.00034533859024194255,-0.668512265306195,Other
CTSH,80.86848449707031,65.02999877929688,-19.58548601012454,482646474.0,31386499615.05194,0.0004747388288897986,-0.6376999221680956,Other
XYZ,65.1500015258789,53.220001220703125,-18.311588681140623,609584000.0,32442061224.121094,0.0004907048043332724,-0.616273639361091,Other
FICO,1643.27001953125,1350.449951171875,-17.81935195549318,23722134.0,32035554701.992676,0.0004845561597689464,-0.5921930163206885,Other
FOXA,73.76000213623047,57.02000045776367,-22.69522938400812,425396078.0,24256084562.29087,0.0003668872069133675,-0.5710766483530217,Other
DDOG,133.77000427246094,115.66000366210938,-13.538162541630305,350670749.0,40558580113.53464,0.0006134718130625361,-0.5696152318707611,Other
CSGP,65.69000244140625,49.869998931884766,-24.082817661077893,423822791.0,21136042134.47842,0.00031969477365598604,-0.5280439740950932,Other
GOOG,315.32000732421875,314.8999938964844,-0.13320227641073767,12097000000.0,3809345226165.7715,0.05761853388198831,-0.5263820937449369,Other
FOX,65.95999908447266,52.25,-20.78532333955121,466853928.0,24393117738.0,0.00036895991238078456,-0.5259727254870286,Other
PAYX,107.48233032226562,91.23999786376953,-15.111630358028616,358967450.0,32752189371.162796,0.0004953956706336908,-0.5134412838020644,Other
ABBV,227.47975158691406,224.80999755859375,-1.1736227113384512,1767384632.0,397325734805.0161,0.006009779884426907,-0.4837425925247791,Other
PGR,212.1199951171875,204.0800018310547,-3.7903042953075006,586200000.0,119631697073.36426,0.0018094981110754903,-0.4703915034890349,Other
VRSK,221.02000427246094,182.5,-17.428288629012812,139714972.0,25497982390.0,0.00038567162465852676,-0.46099868640919417,Other
WAT,381.9599914550781,333.3299865722656,-12.731701217595148,98089529.0,32696181384.44986,0.0004945485176747217,-0.4318397339091017,Other
LVS,64.87153625488281,58.0099983215332,-10.577116451181857,676134488.0,39222560514.01071,0.0005932637494737046,-0.43037036152023495,Other
TTD,37.68000030517578,25.100000381469727,-33.3864114167166,488942869.0,12272466198.416903,0.00018562809813401477,-0.42505067759682186,Other
BR,220.47000122070312,177.02000427246094,-19.707895272675323,116748715.0,20666858028.104324,0.0003125980946403074,-0.4225263803793243,Other
AON,344.2699890136719,325.07000732421875,-5.577012897482225,214935266.0,69869008492.8529,0.0010568088724261992,-0.40422703538309773,Other
IT,237.02999877929688,153.72999572753906,-35.1432322831508,72077145.0,11080419192.903214,0.00016759770269903713,-0.403958751532421,Other
A,137.70388793945312,122.9000015258789,-10.750521742772667,283498872.0,34842011801.38495,0.0005270054348724372,-0.38857234903661103,Other
TYL,435.8299865722656,317.010009765625,-27.262919135312625,43261811.0,13714427127.588623,0.00020743858516556442,-0.3878726469970215,Other
CDNS,310.3999938964844,296.2799987792969,-4.54896758854203,272490000.0,80733336867.3706,0.001221138077417229,-0.3809823646180605,Other
C,118.0844955444336,116.0,-1.7652576105126605,1789266160.0,207554874560.0,0.003139386656284844,-0.38008449841772257,Other
CBRE,160.19000244140625,147.00999450683594,-8.227734398962417,297592997.0,43749144854.24284,0.0006617309367965669,-0.3734125925970345,Other
SYF,84.30677795410156,73.37000274658203,-12.9725930380992,360171099.0,26425754522.86947,0.0003997047108974209,-0.35562584680187587,Other
CVS,79.4760971069336,76.69000244140625,-3.50557559687249,1272211063.0,97565869527.45404,0.001475739799186325,-0.3548104348748813,Other
HPE,24.170000076293945,21.3700008392334,-11.584605826322692,1334533172.0,28518975005.62481,0.0004313658726319027,-0.3427317205749449,Other
ICE,159.99000549316406,154.00999450683594,-3.73774034690163,570178585.0,87813200743.76549,0.0013282250838245004,-0.34049290220124434,Other
DELL,127.24333190917969,122.2699966430664,-3.908523292727839,670200184.0,81945374247.86249,0.0012394708387522785,-0.33225863372118003,Other
FSLR,274.3399963378906,241.8800048828125,-11.832030286644313,107308141.0,25955693669.045532,0.0003925947705731327,-0.31858919312755,Other
EW,85.33000183105469,79.77999877929688,-6.504163755611181,587100000.0,46838837283.325195,0.000708464308896105,-0.31603610456390524,Other
GDDY,118.5199966430664,90.63999938964844,-23.52345430567391,138449018.0,12549018907.017426,0.00018981111664890363,-0.3062315955550054,Other
ABNB,133.00999450683594,127.88999938964844,-3.84933112445498,599513958.0,76671839722.70572,0.0011597056009816345,-0.30616834234393214,Other
PRU,112.34607696533203,103.44000244140625,-7.92735693536859,348000000.0,35997120849.609375,0.0005444771224935407,-0.2960297146564804,Other
HPQ,22.1200008392334,18.59000015258789,-15.958411178649145,934701852.0,17376107571.304184,0.0002628236044234797,-0.2876611913032652,Other
IDXX,669.989990234375,635.6599731445312,-5.1239596994328895,80004694.0,50855781639.47644,0.0007692228988231,-0.2703243493755588,Other
LULU,210.80999755859375,187.3000030517578,-11.152219903755478,118589159.0,22211749842.605392,0.00033596547041565345,-0.2569704739108274,Other
PODD,282.9200134277344,241.88999938964844,-14.502337088488137,70392535.0,17027250248.185806,0.00025754693709650504,-0.2561660913819143,Other
ELV,354.25,342.92999267578125,-3.1954854831951263,220704667.0,75686249837.82074,0.0011447979880443977,-0.25089555276979586,Other
BRO,77.44202423095703,69.58999633789062,-10.13923379591568,341420791.0,23759471595.36972,0.00035937565063218945,-0.24990850850729465,Other
EPAM,200.4600067138672,138.85000610351562,-30.734310359618267,55696910.0,7733516293.44696,0.0001169738745441528,-0.24656964210460283,Other
FDS,284.8999938964844,195.0500030517578,-31.53737899951401,37419936.0,7298758630.996582,0.00011039791526057669,-0.23878867541941964,Other
PSKY,13.180000305175781,10.710000038146973,-18.740517525320843,1103167064.0,11814919297.522484,0.0001787074385333308,-0.22969496045054724,Other
WST,276.1471862792969,241.1199951171875,-12.684246989459702,72043412.0,17371107149.665527,0.00026274797017493954,-0.22857636219785615,Other
TRMB,78.33000183105469,67.62000274658203,-13.672920763582274,237969094.0,16091470789.881638,0.00024339273546258332,-0.2282423160669157,Other
WTW,326.2699890136719,301.80999755859375,-7.496856063599877,95748614.0,28897888957.578735,0.00043709716372861184,-0.22474209139441328,Other
GOOGL,315.1499938964844,314.9800109863281,-0.05393714531122251,12097000000.0,3810313192901.6113,0.05763317493467698,-0.21320027425415497,Hateful Eight
VRSN,239.6385498046875,215.91000366210938,-9.901806767699773,92700000.0,20014857339.47754,0.0003027362098442857,-0.20559193458825037,Other
AIG,84.2699966430664,80.44000244140625,-4.54490845405211,539576055.0,43403499181.52435,0.0006565028475260286,-0.20463928555622107,Other
XYL,137.11000061035156,128.6699981689453,-6.155643208981976,243600000.0,31344011553.95508,0.00047409617256895004,-0.2001553235729657,Other
GEN,25.931623458862305,22.350000381469727,-13.811796562118195,616716107.0,13783605226.708525,0.00020848494363700273,-0.1974931907122683,Other
EFX,214.02999877929688,197.4600067138672,-7.74190167730473,122394037.0,24167927367.75731,0.00036555377872595017,-0.19410029074335644,Other
TROW,104.62999725341797,95.37999725341797,-8.840676902242606,218237000.0,20815444460.594177,0.0003148455497504439,-0.190901936899488,Other
AMP,492.31500244140625,471.69000244140625,-4.189390917952929,92905713.0,43822695991.79059,0.0006628434399852366,-0.19045356496103905,Other
PTC,170.10000610351562,155.16000366210938,-8.783069903192365,118996116.0,18463437794.336792,0.0002792700983947741,-0.16822790409380037,Other
NWS,29.770000457763672,26.549999237060547,-10.816261911959046,554292073.0,14716454115.258709,0.0002225948187206544,-0.16512753698521787,Other
PAYC,152.39999389648438,114.70999908447266,-24.7309687148755,54906117.0,6298280630.801949,9.526511103048567e-05,-0.16158545404822963,Other
CRL,202.4199981689453,168.9199981689453,-16.549748198317825,49215471.0,8313477271.203781,0.0001257461173478714,-0.14272933147338743,Other
MSCI,563.0310668945312,544.1099853515625,-3.360575047364678,75139540.0,40884174008.723145,0.000618396607684149,-0.1425305476394748,Other
INVH,27.719999313354492,25.299999237060547,-8.730159221642108,613020589.0,15509420434.002407,0.00023458888961503679,-0.14046135738168977,Other
NWSA,26.190000534057617,23.649999618530273,-9.698361449914106,581347745.0,13748873947.483435,0.0002079596130959297,-0.13832625640294263,Other
VLTO,98.5,93.08000183105469,-5.502536212127218,248297345.0,23111517327.246017,0.00034957497026974233,-0.13192603062146452,Other
DPZ,425.2799987792969,384.6099853515625,-9.563114546762508,33948921.0,13057094008.511353,0.00019749604429708328,-0.1295343696734853,Other
JKHY,178.35000610351562,159.19000244140625,-10.742922907997421,72377133.0,11521715978.971985,0.00017427256998212373,-0.12840405881424075,Other
LDOS,183.47000122070312,173.5,-5.434131549772991,128297333.0,22259587275.5,0.0003366890390565665,-0.12548343038966797,Other
CPRT,37.77000045776367,36.47999954223633,-3.41541143736519,968017684.0,35313284669.19667,0.0005341337076042324,-0.12511813759655913,Other
MOH,178.4600067138672,151.0,-15.387204797036135,51500000.0,7776500000.0,0.00011762402778712694,-0.1241317956583347,Other
BXP,67.81999969482422,60.880001068115234,-10.232967646619763,176976155.0,10774308505.430927,0.00016296760278144225,-0.11437474403734642,Other
TDG,1358.550048828125,1338.97998046875,-1.4405114023039456,56473563.0,75616970282.74072,0.0011437500949933064,-0.112999130139591,Other
MMC,181.54832458496094,179.32000732421875,-1.2273962130118,491624043.0,88158026991.52203,0.0013334407788219732,-0.1122498497428098,Other
CDW,133.16000366210938,124.63999938964844,-6.398320845709993,131060745.0,16335411176.80687,0.000247082473886051,-0.10842644333710598,Other
RJF,163.60000610351562,158.25999450683594,-3.26406564636732,197469899.0,31251585131.005447,0.0004726981698503373,-0.10582056168305623,Other
ANET,133.60000610351562,132.7899932861328,-0.6062969913004368,1259285070.0,167220455990.6273,0.002529305415291916,-0.10517534465489875,Other
EA,204.41000366210938,200.39999389648438,-1.961748296944199,250253713.0,50150842557.77255,0.00075856029043442,-0.10206119415162403,Other
SOLV,79.0199966430664,72.94000244140625,-7.6942476081383715,173447557.0,12651265231.03595,0.0001913576510097969,-0.10098090215274937,Other
BBY,69.18000030517578,64.4800033569336,-6.793866619700706,210101266.0,13547330336.975998,0.0002049111502601238,-0.09547944029357193,Other
GPC,124.0,118.05999755859375,-4.790324549521174,139110500.0,16423385290.374756,0.00024841313286873685,-0.08161439154579982,Other
NTAP,106.47000122070312,102.4800033569336,-3.747532467383563,199618387.0,20456892969.86567,0.000309422252571949,-0.07952875879361902,Other
WYNN,122.56999969482422,114.87000274658203,-6.282122026118708,103976532.0,11943784516.420074,0.00018065659896391068,-0.07783724481096435,Other
MTD,1411.3900146484375,1377.550048828125,-2.3976339260655566,20428445.0,28141205407.232666,0.0004256518905399064,-0.06999462622701416,Other
SWKS,64.4000015258789,60.04999923706055,-6.754661779115523,150373612.0,9029935285.874039,0.00013658295621186986,-0.06327430347207609,Other
AIZ,236.7581024169922,224.30999755859375,-5.25773130098589,50459212.0,11318505720.528564,0.00017119889813929239,-0.06173431158469353,Other
PNR,105.2066650390625,102.02999877929688,-3.0194534334741507,163931256.0,16725905849.568604,0.0002529889300346591,-0.052391051079170345,Other
MAA,137.56788635253906,133.47000122070312,-2.9788094012976774,120023581.0,16019547502.58316,0.00024230485444364967,-0.0495030648350508,Other
CZR,23.559999465942383,21.229999542236328,-9.8896433638474,207991539.0,4415660277.759029,6.678939718506278e-05,-0.0453017950714762,Other
AVB,180.47999572753906,177.39999389648438,-1.706561338634116,141594946.0,25118942556.173035,0.0003799384295262062,-0.0444695139665357,Other
MET,79.7485122680664,79.0999984741211,-0.8131986108598444,658891657.0,52118329063.31112,0.0007883196535667116,-0.04396693982994214,Other
EXE,109.7699966430664,108.05999755859375,-1.5578018919258696,238169697.0,25736616876.351013,0.000389281108289147,-0.041591330336393645,Other
STT,129.07000732421875,127.94000244140625,-0.8754976514210422,279312436.0,35735233743.75513,0.0005405159296412177,-0.03245568203337122,Other
TECH,59.569854736328125,57.52000045776367,-3.4410932973357844,156453292.0,8999193427.458633,0.00013611796795127943,-0.03212470599197924,Other
CPT,110.16999816894531,107.19999694824219,-2.695834864359936,106395330.0,11405579051.30722,0.00017251593226505927,-0.03189699364910959,Other
CCI,88.69999694824219,88.01000213623047,-0.7778972218165259,435479011.0,38326508688.39353,0.0005797104510958868,-0.030928624601536638,Other
POOL,229.7100067138672,221.6199951171875,-3.5218368204380512,37318008.0,8270416750.743164,0.00012509480225043838,-0.030215915095185085,Other
GIS,45.084999084472656,44.619998931884766,-1.031385520750816,533582081.0,23808431884.29285,0.00036011620311528084,-0.025473636637720246,Other
ERIE,276.3683776855469,273.0400085449219,-1.2043234354445653,52289869.0,14277226278.572845,0.00021595124548498058,-0.01783717641440258,Other
ESS,256.8900146484375,254.52000427246094,-0.9225778507662152,69106449.0,17588973694.734604,0.000266043326768663,-0.0168338188990068,Other
CPB,27.298463821411133,26.829999923706055,-1.7160815376638383,298134245.0,7998941770.604162,0.00012098858729417532,-0.01423998663533044,Other
IVZ,26.724315643310547,26.469999313354492,-0.9516289709731618,445092900.0,11781608757.37896,0.00017820359748665863,-0.011630847972092856,Other
INCY,101.41999816894531,101.31999969482422,-0.09859837894545809,199014486.0,20164147660.7856,0.0003049943116769724,-0.002062475371572454,Other
AWK,129.4423828125,129.3699951171875,-0.055922715373180054,195177161.0,25250068365.55652,0.00038192178268592233,-0.001464839142858604,Other
UAL,113.01000213623047,113.02999877929688,0.017694578080185153,323737989.0,36592104501.482025,0.000553476591869321,0.0006716866652073225,Other
KHC,24.389999389648438,24.399999618530273,0.041001349455060954,1183744751.0,28883371472.83721,0.00043687757843591767,0.0012285282961687067,Other
ROK,398.54998779296875,398.7900085449219,0.060223500013711906,112433186.0,44837231205.67279,0.0006781888676440418,0.0028011986306654625,Other
CMG,37.4900016784668,37.540000915527344,0.13336685735403364,1322278000.0,49638317330.581665,0.0007508080520797997,0.00686758583380473,Other
MTCH,31.554214477539062,31.829999923706055,0.874005107505682,240622148.0,7659002952.481987,0.00011584681747629763,0.006944249798817133,Other
MGM,36.4900016784668,36.790000915527344,0.8221409242564759,273506440.0,10062302178.002625,0.00015219809824314906,0.00858188616802281,Other
DAY,69.2699966430664,69.86000061035156,0.8517453383538154,160034963.0,11180042612.85759,0.00016910456412988161,0.009878530648447823,Other
ALLE,160.91000366210938,162.13999938964844,0.7643997884195564,86031953.0,13949220806.910263,0.0002109899743844637,0.011061388207897115,Other
STE,249.4057159423828,250.64999389648438,0.4988971280790677,98147009.0,24600547206.808197,0.00037209740220306507,0.012731949249735527,Other
MKTX,177.76649475097656,181.22999572753906,1.948342954848914,37363773.0,6771436421.154739,0.00010242186404689366,0.013686277391637762,Other
HOLX,74.55999755859375,75.43000030517578,1.1668492154902843,223244905.0,16839363252.278938,0.0002547050383981974,0.020383536314809166,Other
EQR,62.029998779296875,62.599998474121094,0.9189097308421434,393561900.0,24636974339.4722,0.00037264838350116523,0.023485475041868025,Other
CINF,161.49000549316406,163.0,0.9350389841307205,156018513.0,25431017619.0,0.0003846587440458009,0.024667923006728567,Other
APTV,78.44000244140625,79.56999969482422,1.440587988586639,216079411.0,17193438667.327797,0.000260060632361863,0.025694588126808398,Other
DAL,69.05999755859375,69.44000244140625,0.5502532526012516,653130708.0,45353397958.07739,0.000685996186158493,0.025888779498609255,Other
RVTY,98.0904312133789,100.33000183105469,2.2831693060906044,116072580.0,11645562163.935242,0.0001761458146425041,0.027582758864885606,Other
CI,279.1199951171875,280.30999755859375,0.42634080761811965,267125817.0,74878037111.10736,0.0011325733064749457,0.03311696141187202,Other
MKC,67.27999877929688,68.5,1.813319326454188,268438239.0,18388019371.5,0.00027812935144390724,0.034589825438815405,Other
EG,334.4800109863281,342.4800109863281,2.391772224716582,41978058.0,14376645765.02472,0.00021745502230450056,0.0356711012809565,Other
HSIC,76.81999969482422,79.56999969482422,3.579796942104485,121268399.0,9649326471.421822,0.00014595160354935767,0.0358339365627898,Other
TKO,206.94000244140625,211.1199951171875,2.0199055892853757,82136886.0,17340738971.260986,0.0002622886340390815,0.0363360570886341,Other
UDR,36.26151657104492,37.16999816894531,2.505360182937899,376489065.0,13994097856.677933,0.00021166876553072188,0.03637091315319924,Other
J,135.000244140625,137.92999267578125,2.170180175455405,118088312.0,16287920009.255371,0.00024636414270727894,0.03666912501504496,Other
ZBRA,248.3000030517578,255.41000366210938,2.8634718175454488,50660242.0,12939132594.743347,0.00019571181018008247,0.03843591319351601,Other
REGN,775.3773193359375,779.6699829101562,0.5536225353993007,105719806.0,82426559337.28503,0.0012467490395275617,0.047339106777853746,Other
EBAY,87.05999755859375,88.06999969482422,1.1601219441233157,457000000.0,40247989860.53467,0.0006087739571441565,0.04843808489251932,Other
GM,80.9800033569336,81.51000213623047,0.6544810537495449,932861304.0,76037526881.84674,0.0011501112550395104,0.051625490301329534,Other
TAP,47.400001525878906,49.86000061035156,5.189871319159289,197755803.0,9860104458.280563,0.0001491397416298807,0.05308566145662806,Other
GL,138.14999389648438,144.38999938964844,4.516833708903167,81003536.0,11696100513.599365,0.0001769102362004297,0.05480426039951089,Other
WBD,28.510000228881836,28.75,0.8418090816955992,2479486688.0,71285242280.0,0.0010782302216620326,0.06225186459387803,Other
COO,81.11000061035156,84.06999969482422,3.6493639035861225,198808922.0,16713866011.868332,0.0002528068205761354,0.06327515471714196,Other
EXPD,151.86000061035156,156.3000030517578,2.9237471510345836,135718520.0,21212805090.180054,0.00032085585743846804,0.06433940504083001,Other
OMC,81.31999969482422,83.26000213623047,2.38564000084438,317339186.0,26421661304.269638,0.00039964279861576143,0.06538891883438111,Other
TEL,232.5074920654297,234.72999572753906,0.9558847512251001,293535487.0,68901583609.3911,0.0010421760155658803,0.06832409134792108,Other
GEHC,82.78711700439453,84.2300033569336,1.7428875466970029,455749767.0,38387804404.3317,0.0005806375839956158,0.06940675936847736,Other
WRB,69.36000061035156,71.08000183105469,2.4798171937248092,380021175.0,27011905814.839554,0.0004085705857581101,0.06948867344733849,Other
ALL,203.82000732421875,206.3699951171875,1.2510978811380635,261681708.0,54003252802.217285,0.0008168302074459265,0.0700890761635354,Other
BLDR,104.62999725341797,110.55000305175781,5.65803875919193,110580581.0,12224683567.015152,0.00018490535839714838,0.07175343092502781,Other
UHS,219.8800048828125,230.49000549316406,4.825359457312306,63638691.0,14668082238.16777,0.00022186316630439258,0.0734246921903492,Other
DOC,16.00493812561035,16.989999771118164,6.154735730790262,695043997.0,11808797349.947054,0.00017861484056101373,0.07539702454634352,Other
CNC,41.779998779296875,43.2400016784668,3.4945020149052652,491757000.0,21263573505.397797,0.00032162375886999635,0.07708336683320252,Other
NCLH,22.780000686645508,24.309999465942383,6.716412349336842,455257489.0,11067309314.45627,0.00016739940825979981,0.0771113891361842,Other
SBAC,192.47999572753906,199.5399932861328,3.6679123624812293,106563000.0,21263580304.55017,0.0003216238617110801,0.08090855960288516,Other
CAG,16.96528434753418,18.469999313354492,8.869376634049853,478369475.0,8835483874.779749,0.00013364176696454772,0.08129476189940261,Other
FRT,99.02999877929688,107.44999694824219,8.502472253595128,86805240.0,9327222773.09143,0.00014107960015930426,0.08226909131163167,Other
KMX,39.290000915527344,44.5,13.260368956656542,146845043.0,6534604413.5,9.883964394154265e-05,0.089890549898579,Other
ARE,48.970001220703125,53.650001525878906,9.556871938972321,173300361.0,9297564632.085365,0.00014063100374680354,0.09217732485350737,Other
NVR,7278.8701171875,7580.60009765625,4.145285952503519,2839432.0,21524598496.48828,0.0003255719117414889,0.09256113711066043,Other
SMCI,30.959999084472656,32.41999816894531,4.715759456223267,598989428.0,19419236158.9776,0.0002937270974819471,0.09499984898940265,Other
FTV,55.38999938964844,58.279998779296875,5.217547249492371,317611637.0,18510405816.650482,0.0002799805167014328,0.10018932675450067,Other
LW,41.940345764160156,48.27000045776367,15.092042228732595,139352481.0,6726544321.660503,0.00010174284526487958,0.10531231199752344,Other
MDT,96.05000305175781,96.86000061035156,0.8433082070359532,1282616012.0,124234187705.16669,0.001879113424643949,0.1086842415510644,Other
NTRS,139.27999877929688,144.75999450683594,3.934517357530032,189117370.0,27376629442.34726,0.0004140872400494479,0.11174048976730284,Other
L,104.66000366210938,109.7699966430664,4.8824697135062545,206659567.0,22685019975.847557,0.00034312395293391925,0.11489942396798436,Other
HBAN,17.479999542236328,18.010000228881836,3.032040620852916,2029792391.0,36556561426.49261,0.0005529389824511772,0.11498454769730619,Other
HRL,23.094982147216797,24.989999771118164,8.20532188257066,550107295.0,13747181176.140432,0.00020793400895737293,0.11701685083848061,Other
WY,23.799999237060547,25.280000686645508,6.218493684992876,720861000.0,18223366574.975967,0.0002756388833524045,0.11755820235004677,Other
ROL,59.0099983215332,61.349998474121094,3.9654299595768716,481092221.0,29515007024.261528,0.00044643142883803573,0.12141498813599044,Other
TSCO,50.83000183105469,52.959999084472656,4.190433162873974,528403595.0,27984253907.43206,0.0004232779089834507,0.12164990611103356,Other
BK,116.52384948730469,118.19000244140625,1.4298814890106204,697349124.0,82419694668.07251,0.0012466452074640108,0.12225599725809172,Other
BAX,19.5,21.579999923706055,10.66666627541566,514490045.0,11102695131.847525,0.00016793463906647363,0.12285596563531728,Other
LKQ,30.030000686645508,34.099998474121094,13.553105875503801,257293192.0,8773697454.601746,0.00013270721188142747,0.12335609502703722,Other
AVY,182.44000244140625,196.9199981689453,7.936853504586838,77295394.0,15221008844.947906,0.0002302264987238806,0.125323042570321,Other
MHK,109.51000213623047,127.0,15.971141925476328,62131911.0,7890752697.0,0.00011935216543345656,0.13073549898761574,Other
FFIV,256.6300048828125,278.3900146484375,8.47913702669394,56811091.0,15815640455.683716,0.00023922064327532315,0.1391161545899142,Other
BLK,1085.06005859375,1093.6400146484375,0.7907355898628454,155150909.0,169679242391.4784,0.002566495971446525,0.13918714606074126,Other
KEY,20.979999542236328,22.200000762939453,5.8150679090676505,1102401000.0,24473303041.065216,0.0003701727611322617,0.1476340405978817,Other
AKAM,85.0999984741211,94.16999816894531,10.658049186196417,143865237.0,13547789104.864883,0.00020491808938786894,0.14979084648042423,Other
RL,362.5299987792969,385.0299987792969,6.206382940932209,60640659.0,23348472860.745758,0.0003531590587744279,0.1503267180975488,Other
DLTR,127.69999694824219,134.50999450683594,5.332809492042423,203967842.0,27435713306.99118,0.00041498091742830055,0.15177891807543645,Other
HIG,137.11000061035156,142.19000244140625,3.7050556549054203,278900293.0,39656833342.57892,0.0005998323753664199,0.15242348800218244,Other
PNW,87.28271484375,98.33999633789062,12.66835193421163,119690399.0,11770353399.340668,0.00017803335373347274,0.15468519521617202,Other
PFG,89.41999816894531,95.76000213623047,7.090141016673579,219693843.0,21037882874.99668,0.0003182100584930151,0.15473766296019992,Other
AES,14.646574020385742,16.510000228881836,12.722608071365338,712120944.0,11757116948.43155,0.00017783314481306677,0.15517298487324177,Other
ZTS,125.38459777832031,128.77999877929688,2.7079889086374154,440693215.0,56752471689.744415,0.0008584137217286224,0.1594302728491712,Other
AOS,67.9838638305664,77.80999755859375,14.453626455413948,138289917.0,10760338104.148132,0.00016275629244019813,0.16133993272664857,Other
APA,25.121116638183594,29.059999465942383,15.67956904340695,357786460.0,10397274336.521416,0.00015726474448265633,0.1691191364511725,Other
MOS,25.020000457763672,29.43000030517578,17.625898348230006,317407877.0,9341313916.975197,0.0001412927368017188,0.17080412520785268,Other
FTNT,77.87999725341797,80.0,2.722140243127691,766266033.0,61301282640.0,0.0009272170992906684,0.17310881562802727,Other
LNT,65.06096649169922,71.01000213623047,9.143786152162757,257053689.0,18253383005.015923,0.0002760928990922733,0.17314444176879004,Other
CCL,30.777729034423828,31.989999771118164,3.9387920250335995,1382317024.0,44220321281.37274,0.0006688577508076729,0.18068581996770025,Other
VMC,292.6499938964844,305.2900085449219,4.319157666857332,132130905.0,40338245116.49826,0.0006101391197154155,0.1807403778640946,Other
HST,18.15999984741211,20.399999618530273,12.334800605394136,696576479.0,14210159905.877161,0.00021493682808826752,0.18183196241292174,Other
ACGL,93.86000061035156,98.48999786376953,4.93287579726196,362625939.0,35715027957.45742,0.0005402103055212482,0.1827638518623656,Other
SJM,95.6724853515625,110.37999725341797,15.372770810552861,106694327.0,11776919521.215279,0.000178132670097111,0.1878118484682282,Other
EVRG,73.08000183105469,80.26000213623047,9.824849651446922,230214144.0,18476987689.23047,0.00027947504833542686,0.18831989787624576,Other
PPL,35.11000061035156,37.439998626708984,6.636280193257704,739739177.0,27695833771.002834,0.0004189153888083439,0.1906682083239286,Other
REG,67.95999908447266,76.8499984741211,13.081223527678954,186744749.0,14351333675.700127,0.0002170721624191966,0.19475102689503138,Other
ZBH,90.0199966430664,98.75,9.697849014090142,198181555.0,19570428556.25,0.0002960139693057716,0.19688602081085455,Other
DECK,106.79000091552734,118.69000244140625,11.143366816985045,145744833.0,17298454584.592346,0.00026164905841091025,0.19996908525127466,Other
OTIS,87.93560791015625,92.66999816894531,5.3839285032591055,389715852.0,36114967291.24896,0.0005462596175910819,0.20170916762840987,Other
CMS,69.89694213867188,75.86000061035156,8.531215084987975,306420901.0,23245089736.884476,0.00035159532966315936,0.20572224063702615,Other
SNA,350.95001220703125,385.8800048828125,9.952982322501104,52007557.0,20068676349.10315,0.00030355025326789253,0.20721018057421378,Other
BF-B,26.139999389648438,29.989999771118164,14.728387419145639,463209453.0,13891651389.44977,0.00021011920388886007,0.21225024635883052,Other
ATO,169.36000061035156,180.97000122070312,6.855219986130501,165438946.0,29939486259.57184,0.00045285192100921794,0.21291431777732633,Other
EMN,64.33999633789062,79.16000366210938,23.033895193884348,114069800.0,9029765785.736084,0.00013658039242495586,0.21576599459213844,Other
GPN,75.52999877929688,82.47000122070312,9.188405340354034,280011757.0,23092569941.601227,0.00034928838018222534,0.22011596376636194,Other
VST,165.22999572753906,171.39999389648438,3.7341876950233166,338825490.0,58074686917.97333,0.0008784129862751099,0.2249687255795677,Other
VICI,28.149999618530273,30.09000015258789,6.891653855585056,1068811372.0,32160534346.567673,0.0004864465486567899,0.22992481171305035,Other
ES,68.05999755859375,73.55999755859375,8.081105197315019,375189146.0,27598912663.770874,0.00041744940140910113,0.23136723679972232,Other
BIIB,177.82000732421875,192.02999877929688,7.991221949040339,146758528.0,28182039952.691406,0.0004262695364872752,0.23362792224323042,Other
TSN,58.040000915527344,63.86000061035156,10.027566511059804,352078966.0,22483762983.651947,0.0003400798253646567,0.2338857041374843,Other
RMD,244.24423217773438,259.1199951171875,6.090527832251191,145966294.0,37822785388.553955,0.0005720913469465453,0.2389723025124594,Other
ENPH,33.75,46.560001373291016,37.95555962456598,130859709.0,6092828230.748463,9.215752550835835e-05,0.2399017749549964,Other
BEN,23.799999237060547,27.670000076293945,16.260508249122818,521390673.0,14426879961.688951,0.0002182148433736573,0.24335801916210348,Other
NI,41.87274169921875,46.369998931884766,10.740297984237145,473232529.0,21943791864.263126,0.00033191245213103787,0.24449339637047324,Other
AFL,109.65737915039062,114.02999877929688,3.9875288492071004,524113918.0,59764709429.7525,0.0009039755471812224,0.24722237705984157,Other
RF,27.559999465942383,30.059999465942383,9.071117737463696,876876497.0,26358907031.517426,0.0003986936042067127,0.2480432023120633,Other
GS,914.3400268554688,922.239990234375,0.8640071687636031,302721093.0,279181497852.0593,0.004222780461776165,0.25023214934469623,Other
PEG,80.98999786376953,85.56999969482422,5.655021548165173,499153976.0,42712605573.990295,0.0006460526849991163,0.25057022143632113,Other
KIM,20.059999465942383,23.170000076293945,15.503492986785371,677194052.0,15690586236.505806,0.0002373291264037897,0.25235264126699913,Other
LII,498.9100036621094,561.010009765625,12.447135885768557,35072783.0,19676182333.337646,0.00029761355590832427,0.2540676651903264,Other
IEX,178.40904235839844,207.47999572753906,16.294551545622447,75287285.0,15620605570.138016,0.0002362706286418908,0.2640458865216459,Other
NUE,169.39999389648438,180.00999450683594,6.263282758342381,228858659.0,41196845949.43184,0.0006231259503244337,0.26767333716710334,Other
KR,62.64582443237305,66.36000061035156,5.928848748711113,662678213.0,43975326619.14668,0.0006651520658649126,0.2704696707544867,Other
MAS,64.19518280029297,75.1500015258789,17.064861018724198,203607085.0,15301072748.429756,0.0002314375112369514,0.2708717808311689,Other
SRE,89.70999908447266,93.55000305175781,4.28046372363613,652681521.0,61058358281.37593,0.000923542728878662,0.27112843743465864,Other
GD,342.0028991699219,351.4200134277344,2.7535188387785237,270389759.0,95020372738.50186,0.0014372376986223497,0.27142128936445975,Other
KDP,27.729999542236328,29.540000915527344,6.527231890264384,1358583125.0,40132546756.32,0.00060702781390517,0.27174708221626576,Other
PKG,211.1199951171875,237.2100067138672,12.357906498717842,89978783.0,21343867719.5356,0.0003228382549639834,0.27362586849250425,Other
KMB,101.4000015258789,109.0199966430664,7.51478797092795,331922371.0,36186175772.17864,0.0005473366867532438,0.28209705178052297,Other
ORLY,90.33999633789062,93.5,3.497901029672712,844104092.0,78923732602.0,0.0011937667738238828,0.2863876337734123,Other
TXT,87.05000305175781,100.7699966430664,15.761048949247037,174162437.0,17550348191.838264,0.00026545909385848864,0.2869524798897519,Other
AEE,100.86000061035156,110.05000305175781,9.111642262337094,276400000.0,30417820843.50586,0.00046008700625221915,0.2875172363806106,Other
DXCM,66.54000091552734,73.08000183105469,9.82867572218684,390016272.0,28502389871.901123,0.00043111501296110374,0.2906132493411023,Other
STLD,176.05999755859375,193.38999938964844,9.843236437219183,147204590.0,28467895570.25345,0.00043059326684196227,0.2906915506052808,Other
SWK,76.47000122070312,91.95999908447266,20.256306547012116,154884964.0,14243221147.63858,0.00021543689835376256,0.2993006124760746,Other
EL,106.76000213623047,114.2300033569336,6.997003626106224,361727043.0,41320081336.18366,0.0006249899563111442,0.29992481117769215,Other
LH,251.66000366210938,282.6700134277344,12.322184421192528,83100000.0,23489878115.844727,0.000355297894453076,0.30026699324138284,Other
NXPI,221.27999877929688,232.27000427246094,4.966560716644541,252114595.0,58558658057.79976,0.0008857333276625093,0.301707420861891,Other
BRK-B,496.8500061035156,498.20001220703125,0.27171300934518694,2157334746.0,1074784196791.8527,0.016256728120441044,0.30294991292506335,Other
CHTR,209.27999877929688,230.16000366210938,9.977066611526597,129409368.0,29784860612.79126,0.0004505131193152012,0.30827447811908704,Other
ALGN,156.02999877929688,190.02000427246094,21.78427594634711,72486369.0,13773860147.07518,0.00020833754371189756,0.31127047336295366,Other
CFG,58.97588348388672,65.29000091552734,10.70627018816217,429486192.0,28041153868.886353,0.0004241385535725571,0.31143915123508464,Other
RSG,210.1999969482422,219.5,4.424359270589218,312215820.0,68531372490.0,0.0010365763598088739,0.31454221638936786,Other
WEC,105.58018493652344,114.33999633789062,8.296832787926768,325461519.0,37213268890.58432,0.000562872059928749,0.3202943560348962,Other
ULTA,620.0399780273438,682.8900146484375,10.136449075598497,44838365.0,30619671731.661987,0.0004631401168389012,0.32197748271545795,Other
STZ,140.25714111328125,156.41000366210938,11.516606156817332,174093869.0,27230022687.84079,0.00041186972870554646,0.32532066077094024,Other
NRG,165.6428985595703,179.17999267578125,8.172456672715489,215889408.0,38683062544.21875,0.0005851035328994221,0.3279537521909861,Other
DVA,114.51000213623047,150.72999572753906,31.63041910366775,66849000.0,10076149484.390259,0.00015240754670342243,0.33062727339184633,Other
NKE,63.279998779296875,65.4000015258789,3.350194038365917,1480383402.0,96817076749.6858,0.001464413878463762,0.3364813939291236,Other
MMM,161.09715270996094,167.05999755859375,3.701396795862877,526700000.0,87990500714.11133,0.0013309068476820992,0.33786294333816747,Other
CNP,38.51755142211914,43.0,11.637418299925372,652868273.0,28073335739.0,0.00042462532283694206,0.33891422069427785,Other
HAS,82.4018783569336,101.45999908447266,23.128260068279683,140337023.0,14238594225.097618,0.00021536691349353918,0.3416246526502789,Other
NDSN,241.02999877929688,290.1700134277344,20.387509810939907,55823516.0,16198310387.303345,0.0002450087457211696,0.34258869443406065,Other
KVUE,17.123353958129883,18.719999313354492,9.32437277842142,1915984439.0,35867227382.47789,0.0005425124092180004,0.34694174718868565,Other
MLM,634.4400024414062,685.9400024414062,8.117394836678237,60307143.0,41367081816.654236,0.0006257008655660634,0.3483458841950638,Other
ALB,143.92999267578125,168.4199981689453,17.015220412280986,117847220.0,19847828576.615295,0.0003002098038976313,0.35033998494463237,Other
DTE,130.36000061035156,145.0,11.230438264117272,207683012.0,30114036740.0,0.0004554920972530472,0.35083653096949624,Other
BA,227.77000427246094,232.02999877929688,1.8703053198085184,785347096.0,182224085726.20435,0.0027562439301668956,0.3535553525149308,Other
F,13.197071075439453,14.010000228881836,6.159921006679214,3989475225.0,55892548815.368416,0.000845406894483668,0.357164416933621,Other
CF,79.70449829101562,97.18000030517578,21.925364802315062,161972956.0,15740531913.510223,0.000238084583447423,0.35801841014563707,Other
FE,44.831382751464844,50.20000076293945,11.975133671957039,577665555.0,28998811301.723843,0.0004386236721336869,0.360246436291429,Other
DG,136.2389678955078,150.63999938964844,10.570420281799176,220118871.0,33158706593.090103,0.0005015444770386189,0.363604261475258,Other
LEN,103.75691986083984,116.45999908447266,12.24311519720358,246986755.0,28764077261.176872,0.0004350731849854992,0.3653267807190279,Other
CLX,99.74518585205078,123.5999984741211,23.915753345182477,121980379.0,15076774658.272713,0.00022804487383076204,0.374051703439535,Other
CHRW,163.72000122070312,190.05999755859375,16.088441327570568,118620833.0,22545075230.378357,0.0003410072083020499,0.3762744999526001,Other
JBL,240.314453125,271.0899963378906,12.80636383400655,106822960.0,28958635835.202637,0.00043801599513369315,0.38471849318822804,Other
JBHT,196.38687133789062,230.16000366210938,17.19724546459669,95218347.0,21915455094.22,0.00033148384221308636,0.3909745704727756,Other
WSM,187.25962829589844,214.86000061035156,14.739093826908789,119380711.0,25650139638.324203,0.00038797309040852984,0.39219282543201234,Other
DGX,172.99977111816406,202.41000366210938,17.00015690995176,111242363.0,22516567102.2117,0.0003405760064940857,0.3970948325434683,Other
HUBB,463.0299987792969,526.72998046875,13.757204038051052,53161602.0,28001809583.14746,0.00042354344865916214,0.3996275347355487,Other
IP,40.25,46.869998931884766,16.44720231524166,528038317.0,24749155353.78423,0.00037434518575727354,0.4222712791872121,Other
YUM,149.7996063232422,163.3300018310547,9.032330484645069,277652829.0,45349037068.967514,0.000685930225206672,0.4249198473852461,Other
IFF,68.02999877929688,81.38999938964844,19.638396075375674,256287082.0,20859205447.55478,0.00031550745980589895,0.42495496117051296,Other
TFC,49.24327087402344,52.31999969482422,6.248018797678623,1279246311.0,66930166601.12501,0.0010123572013229299,0.43381379773375567,Other
CTRA,26.600000381469727,31.280000686645508,17.593985857368622,761377552.0,23815890349.356476,0.0003602290166820388,0.43468053012321095,Other
ED,99.21058654785156,109.80999755859375,10.68374997020085,360935608.0,39634338233.28955,0.0005994921239216663,0.43927294368410436,Other
DRI,185.82325744628906,217.27000427246094,16.92293379113825,116313763.0,25271491783.95601,0.0003822458241905988,0.4436552876153461,Other
EXC,43.91999816894531,47.790000915527344,8.811482030794826,1022892585.0,48884037573.63613,0.000739399137646542,0.4468432033497138,Other
HII,349.75,437.57000732421875,25.10936592543782,39242688.0,17171423275.582031,0.0002597276369204114,0.4472817381481464,Other
CPAY,300.5899963378906,352.70001220703125,17.335911541967697,70614384.0,24905694098.791992,0.0003767129241604826,0.44790350329859147,Other
XEL,74.68000030517578,81.55000305175781,9.199253774113725,591539773.0,48240070293.38612,0.0007296587627650237,0.46036220230888264,Other
BALL,53.349998474121094,66.52999877929688,24.704781034940627,272148895.0,18106065652.136993,0.00027386463953996094,0.4640280426958143,Other
LYV,145.30999755859375,162.6699981689453,11.946872825010857,232209247.0,37773477784.30217,0.0005713455411196786,0.46814494683536495,Other
URI,843.1608276367188,909.1099853515625,7.821658164515477,63630148.0,57846802916.197754,0.0008749661098966502,0.469372153366546,Other
VTR,77.33000183105469,85.94000244140625,11.134101133428276,474965224.0,40818512510.14307,0.0006174034398151169,0.47146717747139283,Other
AMCR,42.04999923706055,50.4900016784668,20.071349808652794,462045690.0,23328687663.62835,0.0003528597963073139,0.48574240190768964,Other
TRV,285.19000244140625,304.92999267578125,6.921697838419383,223063417.0,68018726112.04474,0.0010288222889793773,0.48840517612812834,Other
COR,338.29083251953125,361.0799865722656,6.736556791387072,194530682.0,70241136044.45367,0.0010624375153207976,0.4908724178907957,Other
PHM,119.06999969482422,140.02000427246094,17.594696087453986,192327885.0,26929751279.413376,0.0004073279512364349,0.4915336327625666,Other
DVN,37.869998931884766,44.38999938964844,17.216795990649313,627300000.0,27845846617.126465,0.0004211844192437418,0.4973382791824939,Other
CAH,205.72000122070312,224.44000244140625,9.09974776862834,235316016.0,52814327205.54199,0.0007988470251119508,0.4985632166179241,Other
DD,40.869998931884766,50.40999984741211,23.342307719231936,418975325.0,21120546069.31944,0.00031946038677257434,0.5114321907357067,Other
CBOE,248.11000061035156,288.67999267578125,16.351614995617815,104644514.0,30208777535.08069,0.0004569251061790609,0.5124280931414008,Other
TJX,153.8450469970703,158.22999572753906,2.8502371808903693,1112938751.0,176100293815.74268,0.002663618061223447,0.5206911654173454,Other
LYB,44.38999938964844,56.66999816894531,27.663885893543227,321872964.0,18240540280.513,0.0002758986455098398,0.5234678454626077,Other
WM,218.39999389648438,230.30999755859375,5.453298532487327,403335781.0,92892262737.4035,0.0014050488128892749,0.5255063187340089,Other
MTB,204.0399932861328,232.52000427246094,13.958053285362325,156269291.0,36335736210.97444,0.0005495988742680348,0.5261359086876077,Other
EQT,53.30972671508789,60.5,13.48773240452028,624070822.0,37756284731.0,0.000571085486316186,0.5282838338912093,Other
VTRS,12.460000038146973,15.920000076293945,27.768860574269617,1154467257.0,18379118819.51886,0.0002779947254844717,0.5294462453383948,Other
ADM,58.60824966430664,67.87999725341797,15.819867752778105,480569735.0,32621072291.8758,0.0004934124495216969,0.5353529606106239,Other
PCG,16.270000457763672,18.360000610351562,12.845728910785548,2197967954.0,40354692976.973175,0.0006103879030495042,0.5377642501829597,Other
ETR,93.24678802490234,104.0199966430664,11.55343668812161,452339365.0,47052339228.82679,0.0007116936484152055,0.5639382283702769,Other
HAL,29.600000381469727,35.11000061035156,18.614865398215397,841626610.0,29549510790.788116,0.00044695331811890555,0.5706230659706956,Other
EXR,130.97000122070312,152.75,16.629761453994707,221601461.0,33849623167.75,0.0005119949869564974,0.5839544672814471,Other
DOW,24.270000457763672,30.520000457763672,25.751956663028007,717534072.0,21899140205.90103,0.0003312370701592094,0.5850276928539192,Other
HLT,292.9800109863281,315.9599914550781,7.843531847577934,232435166.0,73440213063.21967,0.001110825392148225,0.5975644047178074,Other
FITB,47.709999084472656,53.619998931884766,12.387340098137912,900048451.0,48260596981.26454,0.0007299692407056639,0.6201687501170398,Other
ON,56.70000076293945,69.11000061035156,21.88712465683704,402378413.0,27808372368.022293,0.000420617599708227,0.6313983011626406,Other
DOV,195.75,233.30999755859375,19.187738216395278,137153223.0,31999218123.283264,0.00048400654815140576,0.636945507540313,Other
SW,39.252845764160156,48.7400016784668,24.16934550760368,522400578.0,25461805048.552025,0.0003851244215959998,0.6384004817937242,Other
DHI,145.30555725097656,164.1199951171875,12.948188783801307,291099538.0,47775254755.17554,0.0007226281608512616,0.6417282553143371,Other
CHD,82.38546752929688,103.08000183105469,25.119156232740547,240130072.0,24752608261.451294,0.0003743974129684067,0.6450080623451345,Other
PPG,103.75370788574219,126.52999877929688,21.952266919112784,225700000.0,28557820724.487305,0.00043195343643501373,0.6503446396490244,Other
AMT,174.8000030517578,187.30999755859375,7.156747304593436,468251225.0,87708135811.55853,0.0013266359163963048,0.6511704602012747,Other
AME,209.13999938964844,233.50999450683594,11.652479290575023,230953960.0,53930057930.93201,0.0008157230929890455,0.6519110672415154,Other
D,59.2400016784668,65.95999908447266,11.343681997984344,853913277.0,56324118969.139046,0.0008519346408681868,0.6628077499318252,Other
EIX,60.04590606689453,73.73999786376953,22.80603740348095,384834008.0,28377658927.825867,0.00042922838581112337,0.6713755547832179,Other
CTVA,67.76000213623047,76.30999755859375,12.61805660096298,672524000.0,51320304798.0957,0.0007762490783276581,0.6717703410402389,Other
VRTX,452.1300048828125,476.8999938964844,5.478510328039832,254034190.0,121148903660.49835,0.0018324467318899791,0.688527198221842,Other
ROST,182.74000549316406,201.4499969482422,10.238585363169438,325226266.0,65516830293.1882,0.0009909796781238924,0.6958761643750607,Other
GWW,1001.915771484375,1127.0699462890625,12.49148664655384,47832244.0,53910284675.96533,0.0008154240111538186,0.6985940471112969,Other
CTAS,184.4557647705078,200.02000427246094,8.437925223599008,401866678.0,80381374650.51968,0.001215814446789711,0.703607125286395,Other
TPR,129.07000732421875,157.08999633789062,21.70914032977993,204649752.0,32148428792.230225,0.00048626344519639425,0.724004900264876,Other
LUV,41.29999923706055,52.09000015258789,26.125910689714836,517155080.0,26938608196.111603,0.00040746191718716093,0.7301056665031993,Other
MDLZ,53.650001525878906,58.79999923706055,9.599249887621086,1290358492.0,75873078345.1346,0.001147623876494949,0.755551599852684,Other
SPG,183.97000122070312,201.6999969482422,9.637438500785201,377183161.0,76077842422.62834,0.0011507210507431236,0.7606045771401708,Other
NSC,286.5539855957031,316.2300109863281,10.356172617502747,224572025.0,71016413932.97195,0.0010741640385512766,0.7629518779169184,Other
KEYS,206.58999633789062,243.5399932861328,17.885666103506882,171817128.0,41844342199.56262,0.0006329197029017428,0.7763918920896227,Other
IR,79.76000213623047,95.5999984741211,19.859573612894145,395110396.0,37772553254.70938,0.0005713315570787203,0.778189540940927,Other
BG,92.11075592041016,121.94999694824219,32.394958362533835,193361047.0,23580379091.558914,0.0003566667736766557,0.7924417278659062,Other
APD,250.47000122070312,281.17999267578125,12.260945943789036,222656008.0,62606414698.65869,0.0009469579710882045,0.7963095766833923,Other
FANG,152.33999633789062,176.00999450683594,15.537612405113354,286525614.0,50431371746.207794,0.0007628034554901143,0.8128757957360676,Other
FAST,40.21749496459961,46.220001220703125,14.925112221402802,1148179210.0,53068844487.78595,0.0008026967451503958,0.8216679820294278,Other
USB,53.93000030517578,58.65999984741211,8.770627694178557,1555000000.0,91216299762.72583,0.0013796989105548465,0.8299315109215728,Other
MNST,76.16000366210938,83.76000213623047,9.978989113287295,977021216.0,81835299139.30249,0.0012378058895298864,0.847161772774062,Other
DLR,155.02999877929688,175.67999267578125,13.319998748037154,349804444.0,61453642159.87573,0.0009295216245140331,0.8491627574404139,Other
MCHP,65.02999877929688,77.7300033569336,19.529455352965396,541135458.0,42062460966.8958,0.0006362188745020374,0.852165480025436,Other
EMR,135.30007934570312,148.6199951171875,9.844721330466388,562302094.0,83569334464.6643,0.0012640341695137117,0.8534724333158134,Other
AZO,3303.820068359375,3748.52001953125,13.460174645428125,16632664.0,62347873982.13672,0.0009430473942960379,0.8705855836104335,Other
GNRC,141.10000610351562,229.19000244140625,62.430894774919345,58684066.0,13449801229.811646,0.00020343596651278842,0.871073000867792,Other
DUK,116.4482192993164,126.77999877929688,8.8724237623796,777661224.0,98591889029.42651,0.0014912589332968045,0.9074497629049967,Other
AEP,114.90149688720703,129.3699951171875,12.592088547100012,540861473.0,69971246121.08484,0.0010583552752583272,0.9140216961584594,Other
SHW,327.8399963378906,360.6300048828125,10.00183287920935,249333316.0,89917074966.52783,0.0013600473894939942,0.9329554192847895,Other
CB,310.05999755859375,331.6199951171875,6.953492139700934,393550859.0,130509333939.94495,0.0019740286146507444,0.941420538134308,Other
TDY,518.77001953125,668.719970703125,28.904899189696188,46950987.0,31397062651.122803,0.00047489860087569395,0.9414550861774522,Other
TGT,99.4980697631836,116.69000244140625,17.27865949474332,454399149.0,53023837806.18292,0.0008020159932481929,0.9504304282331353,Other
SO,86.50055694580078,94.30000305175781,9.016642645253704,1101104843.0,103834190055.2053,0.0015705517464549977,0.9712350898966233,Other
PSA,258.44000244140625,305.0,18.015785915011318,175506447.0,53529466335.0,0.0008096639150798066,1.0004266528858727,Other
RCL,283.260009765625,315.0899963378906,11.237020925969187,272712972.0,85929129348.77527,0.0012997274221364325,1.0016839808005575,Other
O,57.055416107177734,66.13999938964844,15.92238546714908,918105766.0,60723514802.87271,0.0009184780289982786,1.003007458440957,Other
HSY,181.2200469970703,221.77000427246094,22.376088047282195,202785122.0,44971657372.33151,0.00068022214060262,1.0439078968046254,Other
MAR,313.4100036621094,347.92999267578125,11.014322647750664,264984554.0,92196073932.41516,0.00139451855746035,1.053438894784042,Other
WAB,216.01815795898438,264.7799987792969,22.573028712508037,170957187.0,45266043765.17203,0.000684674903831788,1.0599893464915828,Other
PNC,209.84927368164062,232.97000122070312,11.017778205007577,404313875.0,94193003952.29721,0.0014247232706536314,1.076593616234966,Other
SYY,72.62000274658203,90.12999725341797,24.111806450819874,478930649.0,43166018078.947685,0.0006529108094872714,1.0797193001439662,Other
PCAR,111.27027893066406,128.4600067138672,15.448624689720214,525400000.0,67492887527.46582,0.0010208686784496975,1.0816505083828594,Other
OKE,73.33552551269531,87.33000183105469,19.08280634865942,629755980.0,54996590886.51764,0.0008318550163483576,1.0887223535808814,Other
IRM,83.23999786376953,110.29000091552734,32.49640046366628,295835206.0,32627665140.58522,0.0004935121701440582,1.0999181839758614,Other
EOG,106.257080078125,123.08000183105469,15.832283119920776,545993416.0,67200870641.0238,0.0010164517553653838,1.103716600520956,Other
CARR,53.291404724121094,64.13999938964844,20.357118979483356,835843882.0,53611026081.32138,0.0008108975530747422,1.1321645747471525,Other
GRMN,202.44000244140625,248.89999389648438,22.95000538173051,192493945.0,47911741735.6102,0.0007246926048015256,1.140680134502966,Other
ODFL,159.19000244140625,201.38999938964844,26.50920051576413,210168138.0,42325761183.54355,0.0006402014414665242,1.1639666436943426,Other
LHX,304.4800109863281,356.1400146484375,16.96663222480934,187052847.0,66617003670.61194,0.0010076204321799263,1.172518944309531,Other
OXY,42.380001068115234,51.84000015258789,22.3218472063464,985210434.0,51073309048.89118,0.000772513125795319,1.1826691142526646,Other
CMI,520.2808837890625,593.280029296875,14.030718364315021,138165463.0,81970809936.4563,0.0012398555681475004,1.1931038878233617,Other
PFE,24.76515769958496,26.649999618530273,7.610861767203292,5685707552.0,151524104091.8747,0.0022918890799359846,1.1963401724943135,Other
MPC,164.3165283203125,196.75999450683594,19.74449345916034,300602480.0,59146542313.54126,0.0008946254145953136,1.2114750792631215,Other
MRNA,30.860000610351562,49.869998931884766,61.60077104845085,390733636.0,19485886009.97145,0.000294735214748752,1.2452181242633074,Other
PSX,130.57000732421875,155.75,19.284668195856614,404124265.0,62942354273.75,0.0009520392500588644,1.2591987429124538,Other
TRGP,185.84320068359375,231.35000610351562,24.486666852772963,215191852.0,49784636273.62683,0.0007530212101100869,1.2646319172741505,Other
PLD,129.0500030517578,141.50999450683594,9.655165564064983,928867000.0,131443964067.58118,0.0019881654319983647,1.3165564974734805,Other
CSCO,76.04000091552734,79.19999694824219,4.155702254955629,3951094563.0,312926677331.8163,0.004733195677979922,1.3490440789703049,Other
CSX,36.27000045776367,42.310001373291016,16.652883483034174,1859556799.0,78677850719.40265,0.0011900476691635623,1.3591927783072162,Other
META,650.4099731445312,655.6599731445312,0.8071831947191521,2529555464.0,1658528267593.8423,0.02508619237872997,1.3887821209260849,Hateful Eight
SYK,348.17999267578125,380.2300109863281,9.205014356006158,382688675.0,145509719099.59335,0.002200918053451759,1.3894905577467487,Other
ECL,262.6400146484375,304.1600036621094,15.80870647957029,283624912.0,86267354272.58545,0.0013048432683187186,1.414757295914585,Other
VLO,164.3051300048828,200.75999450683594,22.187295369821847,310651745.0,62366442619.739,0.0009433282556019338,1.4354711384051193,Other
KMI,27.443714141845703,32.72999954223633,19.262281238858225,2224806397.0,72817912355.37445,0.0011014127366153331,1.4550739668780024,Other
BDX,153.2547149658203,185.38999938964844,20.968545359922608,362295120.0,67165892075.67261,0.0010159226844796612,1.4610201918969448,Other
APH,139.7100067138672,151.0399932861328,8.109645714547842,1229214930.0,185660614774.4142,0.0028082234052852527,1.5619272189909152,Other
JCI,122.30999755859375,143.7899932861328,17.561929651130015,612066206.0,88008995651.40878,0.0013311865942285657,1.603387248662554,Other
ITW,249.5,294.9800109863281,18.22846131716558,288200000.0,85013239166.25977,0.0012858740572192899,1.6075915039627227,Other
HCA,470.3900146484375,532.2999877929688,13.161413128805854,223622200.0,119034094330.23682,0.0018004590264405923,1.6252232288562785,Other
CME,269.67999267578125,308.0899963378906,14.242808033700616,359512427.0,110762182317.85617,0.0016753416074993036,1.6365385962456216,Other
WELL,186.94000244140625,208.19000244140625,11.367283471958078,697752530.0,145265100924.1974,0.0021972180630884836,1.7129989940278467,Other
MSI,381.0199890136719,462.760009765625,21.45294816777188,166554999.0,77074992963.75366,0.0011658035252441554,1.7152980923360486,Other
CMCSA,27.364309310913086,31.34000015258789,14.528745441746892,3643894506.0,114199654374.05417,0.0017273353461549593,1.7212027507051644,Other
BMY,53.459999084472656,60.65999984741211,13.468015125781552,2036473705.0,123532494634.55878,0.0018684999140369642,1.7259330079806103,Other
MPWR,936.3099975585938,1204.0999755859375,28.600568051777707,48709000.0,58650505710.81543,0.0008871225761535398,1.7401454389185507,Other
UPS,99.6305923461914,116.7300033569336,17.162811750958994,848385599.0,99032053819.24411,0.0014979166784865967,1.7632072070088838,Other
MCK,823.4400024414062,947.47998046875,15.063632767363643,123426651.0,116944280878.80322,0.0017688493980111783,1.827459810005652,Other
WMB,60.849998474121094,72.9800033569336,19.93427310926108,1222000000.0,89181564102.17285,0.001348922365338317,1.8442280208341986,Other
CL,77.21717071533203,95.08999633789062,23.14618038576983,808220815.0,76853714338.55698,0.0011624565589792764,1.845369432886184,Other
TT,398.0,467.1199951171875,17.366832944016952,221739004.0,103578722465.77002,0.001566687652474615,1.86608019758197,Other
SBUX,83.43195343017578,97.48999786376953,16.849712676761097,1139300000.0,111070354566.19263,0.0016800028897087228,1.9414659818150397,Other
PH,892.3169555664062,1022.22998046875,14.559067166876849,126216529.0,129022319974.50342,0.0019515366745760398,1.9486665207047187,Other
TMUS,199.5800018310547,215.4600067138672,7.956711462631905,1118506626.0,240993445147.46494,0.003645164236937037,1.9891977850660199,Other
EQIX,764.1099853515625,928.1099853515625,21.46287879284088,98254928.0,91191379786.79883,0.0013793219816098338,2.030396645849928,Other
BKR,46.96283721923828,62.209999084472656,32.466441058608766,988236510.0,61478192382.34245,0.0009298929607256458,2.0705937620572077,Other
MCD,303.260009765625,329.2300109863281,8.56360891130159,713604434.0,234939995645.71246,0.0035536023373161146,2.087146381086765,Other
MO,57.310001373291016,67.56999969482422,17.90263143548765,1678671552.0,113427836256.3501,0.0017156611539446548,2.1065687912721978,Other
ETN,327.30999755859375,373.3800048828125,14.07534376213837,389300000.0,145356835900.8789,0.002198605607285261,2.1224310894865965,Other
SLB,39.96432876586914,50.849998474121094,27.238465012200265,1495331485.0,76037603730.55524,0.0011501124174203533,2.14857332302435,Other
COP,95.95327758789062,110.52999877929688,15.19147814211388,1235718251.0,136583936774.58487,0.00206591047057789,2.152478324404665,Other
PWR,439.67999267578125,552.6599731445312,25.6959566845838,149115887.0,82410382104.84296,0.001246504349597865,2.1967763616762324,Other
LOW,245.78616333007812,280.3599853515625,14.066626677862871,560951457.0,157268342267.45764,0.002378773980698621,2.294935045481431,Other
FCX,51.800926208496094,64.33999633789062,24.206266272007216,1435930661.0,92387773470.20486,0.0013974181230438072,2.319965007992656,Other
HWM,211.5888214111328,258.1000061035156,21.981872379736032,402500000.0,103885252456.66504,0.0015713240945972437,2.3689598983533484,Other
UNP,231.91000366210938,266.1000061035156,14.742788970509757,593391460.0,157901471127.77405,0.002388350418255194,2.4149322577635983,Other
TPL,297.9700012207031,499.8800048828125,67.76185617174156,68938231.0,34460843248.892456,0.0005212400416479846,2.422424898425297,Other
NVDA,188.85000610351562,189.82000732421875,0.5136357899673261,24347000000.0,4621547718322.754,0.0699035629447089,2.462531794811483,Hateful Eight
NOC,585.6599731445312,723.5599975585938,23.546090007423317,142720067.0,103266531330.08234,0.0015619655822863524,2.5224206709943453,Other
GE,320.75,343.2200012207031,7.005456343165428,1054813911.0,362033231821.03467,0.005475960511744454,2.6310190678142438,Other
INTC,39.380001068115234,44.11000061035156,12.011171696148226,4995178516.0,220337327389.575,0.0033327285950508143,2.745443937885439,Other
NEE,80.93000030517578,92.18000030517578,13.900901961667888,2083521964.0,192059055277.36044,0.0029050034918939875,2.7695990150805714,Other
RTX,186.630126953125,204.9199981689453,9.800063641608148,1342287676.0,275061588108.11786,0.004160464461235841,2.7963914753203665,Other
NEM,101.22000122070312,122.12999725341797,20.657968564060837,1098449726.0,134153662019.39772,0.002029151169435411,2.874943219896923,Other
TER,207.47325134277344,324.8500061035156,56.57440368870499,159073532.0,51675037841.10779,0.0007816146192918792,3.0327730751289836,Other
FDX,293.1300048828125,388.4800109863281,32.528231336002136,235955461.0,91663980081.56412,0.0013864703324365138,3.093130816829589,Other
T,24.275394439697266,27.979999542236328,15.260741125099763,7089449496.0,198362793652.78757,0.0030003511544457804,3.1403276908773385,Other
AMGN,325.3853759765625,374.75,15.171125584633916,539067675.0,202015611206.25,0.003055602117399522,3.1793757880042826,Other
KLAC,1272.8160400390625,1496.0,17.53465960046261,131392338.0,196562937648.0,0.0029731272988912302,3.5755108547986243,Other
PEP,142.22999572753906,164.94000244140625,15.967100749529163,1367340123.0,225529083225.85272,0.0034112568831946204,3.7356634867045355,Other
LIN,429.1099853515625,496.510009765625,15.706934519093707,468909532.0,232818276312.51465,0.003521510114104574,3.7935658769253413,Other
STX,287.5400085449219,411.1099853515625,42.97488110679231,218073067.0,89652015379.9403,0.0013560382110489335,3.996813358285868,Other
HD,345.82000732421875,382.25,10.5343797074259,995511485.0,380534265141.25,0.005755799264055593,4.1585493962665705,Other
HON,195.8800048828125,243.97000122070312,24.550742872740393,673869690.0,164403989091.89484,0.002486704736225751,4.187126831853791,Other
PM,160.3000030517578,183.39999389648438,14.41047436366425,1556679579.0,285495025287.38184,0.00431827618947978,4.267916850053693,Other
MRK,106.44999694824219,122.26000213623047,14.852048512199945,2497783212.0,305378980834.9606,0.004619032434557437,4.705054169858794,Other
GILD,121.5999984741211,151.39999389648438,24.506575490381532,1240679623.0,187838887349.69254,0.002841171028756284,4.775372590388746,Other
TXN,176.36880493164062,219.72999572753906,24.585521692855462,908623021.0,199651732522.27362,0.003019847094958908,5.092038033999099,Other
VZ,39.828975677490234,49.25,23.653694734193632,4217000000.0,207687250000.0,0.003141388910825176,5.096217453778777,Other
LMT,497.07000732421875,658.260009765625,32.42802825885822,231397796.0,152319915454.7041,0.0023039261837557953,5.124085410998204,Other
GEV,679.0499877929688,830.3400268554688,22.279661553962924,271320460.0,225288238042.83813,0.0034076139615075757,5.206983903427961,Other
WDC,187.6999969482422,285.5199890136719,52.115073870993875,341899281.0,97619078954.90231,0.001476544622329476,5.277608746535377,Other
ADI,273.739990234375,355.0299987792969,29.696066137549625,489654098.0,173841893815.2177,0.002629458464436178,5.355407144957476,Other
KO,69.12000274658203,79.83999633789062,15.509249371143419,4301608846.0,343440434511.6779,0.0051947337764064235,5.525624025514362,Other
PG,140.79037475585938,160.77999877929688,14.198146754066787,2336733549.0,375700017155.7621,0.0056826784874369485,5.533654029833149,Other
GLW,90.66999816894531,139.50999450683594,53.86566375228894,857948109.0,119692335973.74028,0.0018104153092626967,6.688326815243559,Other
COST,853.334228515625,985.27001953125,15.461209290189526,443957683.0,437418195000.4585,0.006616201366080993,7.015836032573973,Other
CVX,154.3896942138672,183.92999267578125,19.13359477284382,1999353598.0,367741092636.4369,0.005562295184046381,7.299243661321638,Other
DE,466.79998779296875,662.489990234375,41.921595449611935,271074458.0,179584115033.2085,0.002716312857557091,7.809888775281102,Other
WMT,112.76000213623047,122.98999786376953,9.072362126403434,7972851122.0,980580942462.9325,0.014831849806955198,9.228751516717365,Other
CAT,597.0131225585938,759.739990234375,27.25683264354217,467979597.0,355542814454.66675,0.0053777892222631055,10.053248574448656,Other
JNJ,207.35000610351562,242.49000549316406,16.947189947081775,2409898936.0,584376406228.6102,0.008839028694705257,10.273761931395534,Other
LRCX,185.05999755859375,244.9199981689453,32.3462668324086,1256030000.0,307626865300.1404,0.004653032977834562,10.322563242068362,Other
AMAT,268.53509521484375,375.3800048828125,39.78806181087302,793721461.0,297947165905.7731,0.00450662196638544,12.297906026284684,Other
XOM,121.83790588378906,147.27999877929688,20.881919063657328,4217165615.0,621104146629.2927,0.009394556857432481,13.454698312118941,Other
MU,315.4200134277344,428.1700134277344,35.74598795261039,1125509261.0,481909315395.4094,0.007289155108975112,17.870296300331937,Other
